{"cameraMode":{"drawMode":0,"name":"Shaded","section":"Shading Mode"},"sceneLighting":false,"audioPlay":false,"sceneViewState":{"m_AlwaysRefresh":true,"showFog":true,"showSkybox":false,"showFlares":true,"showImageEffects":true,"showParticleSystems":true,"showVisualEffectGraphs":true,"m_FxEnabled":true},"in2DMode":false,"pivot":{"x":2.448720693588257,"y":1.422859787940979,"z":11.832906723022461},"rotation":{"x":0.3052688241004944,"y":-0.039980724453926089,"z":0.012826402671635151,"w":0.9513496160507202},"size":1.3413779735565186,"orthographic":false}