{"cameraMode":{"drawMode":0,"name":"Shaded","section":"Shading Mode"},"sceneLighting":true,"audioPlay":false,"sceneViewState":{"m_AlwaysRefresh":true,"showFog":true,"showSkybox":true,"showFlares":true,"showImageEffects":true,"showParticleSystems":true,"showVisualEffectGraphs":true,"m_FxEnabled":true},"in2DMode":false,"pivot":{"x":19.058866500854493,"y":-10.965217590332032,"z":33.096702575683597},"rotation":{"x":0.19185669720172883,"y":0.5232656002044678,"z":-0.12224326282739639,"w":0.8212460875511169},"size":38.20706558227539,"orthographic":false}