{"cameraMode":{"drawMode":0,"name":"Shaded","section":"Shading Mode"},"sceneLighting":true,"audioPlay":false,"sceneViewState":{"m_AlwaysRefresh":true,"showFog":true,"showSkybox":true,"showFlares":true,"showImageEffects":true,"showParticleSystems":true,"showVisualEffectGraphs":true,"m_FxEnabled":true},"in2DMode":false,"pivot":{"x":-0.7401919960975647,"y":9.07282829284668,"z":18.37548065185547},"rotation":{"x":0.006372017785906792,"y":-0.9539641737937927,"z":0.29917478561401369,"w":0.020318560302257539},"size":11.182242393493653,"orthographic":false}