{"cameraMode":{"drawMode":0,"name":"Shaded","section":"Shading Mode"},"sceneLighting":true,"audioPlay":false,"sceneViewState":{"m_AlwaysRefresh":true,"showFog":true,"showSkybox":true,"showFlares":true,"showImageEffects":true,"showParticleSystems":true,"showVisualEffectGraphs":true,"m_FxEnabled":true},"in2DMode":false,"pivot":{"x":-1.8489062786102296,"y":-10.349288940429688,"z":3.802684783935547},"rotation":{"x":0.4118691086769104,"y":-0.0013680607080459595,"z":0.0006146451341919601,"w":0.9112511277198792},"size":28.895843505859376,"orthographic":false}