{"cameraMode":{"drawMode":0,"name":"Shaded","section":"Shading Mode"},"sceneLighting":true,"audioPlay":false,"sceneViewState":{"m_AlwaysRefresh":true,"showFog":true,"showSkybox":true,"showFlares":true,"showImageEffects":true,"showParticleSystems":true,"showVisualEffectGraphs":true,"m_FxEnabled":true},"in2DMode":false,"pivot":{"x":20.154151916503908,"y":11.514437675476075,"z":10.365589141845704},"rotation":{"x":0.045371148735284808,"y":-0.9093451499938965,"z":0.40053629875183108,"w":0.10300768166780472},"size":19.580766677856447,"orthographic":false}